"codigo_ibge";"municipio";"ano";"estabelecimentos";"leitos_sus";"leitos_uti_sus";"populacao";"leitos_sus_100mil";"leitos_uti_sus_100mil"
"3300100";"Angra dos Reis";2022;6;295;32;167434;176,19;19,11
"3300159";"Aperibé";2022;1;35;0;11034;317,2;0
"3300209";"Araruama";2022;5;152;13;129671;117,22;10,03
"3300225";"Areal";2022;1;21;0;11828;177,54;0
"3300233";"Armação dos Búzios";2022;1;90;10;40006;224,97;25
"3300258";"Arraial do Cabo";2022;2;77;0;30986;248,5;0
"3300308";"Barra do Piraí";2022;5;242;7;92883;260,54;7,54
"3300407";"Barra Mansa";2022;8;230;26;169894;135,38;15,3
"3300456";"Belford Roxo";2022;9;333;10;483087;68,93;2,07
"3300506";"Bom Jardim";2022;1;62;0;28102;220,62;0
"3300605";"Bom Jesus do Itabapoana";2022;1;120;25;35173;341,17;71,08
"3300704";"Cabo Frio";2022;11;217;5;222161;97,68;2,25
"3300803";"Cachoeiras de Macacu";2022;1;80;0;56943;140,49;0
"3300902";"Cambuci";2022;1;39;4;14616;266,83;27,37
"3301009";"Campos dos Goytacazes";2022;17;1263;154;483540;261,2;31,85
"3301108";"Cantagalo";2022;2;81;10;19390;417,74;51,57
"3300936";"Carapebus";2022;1;8;0;13847;57,77;0
"3301157";"Cardoso Moreira";2022;0;0;0;12958;0;0
"3301207";"Carmo";2022;1;39;0;17198;226,77;0
"3301306";"Casimiro de Abreu";2022;1;50;0;46110;108,44;0
"3300951";"Comendador Levy Gasparian";2022;0;0;0;8741;0;0
"3301405";"Conceição de Macabu";2022;1;21;0;21104;99,51;0
"3301504";"Cordeiro";2022;1;40;0;20783;192,46;0
"3301603";"Duas Barras";2022;1;30;0;10980;273,22;0
"3301702";"Duque de Caxias";2022;19;997;52;808161;123,37;6,43
"3301801";"Engenheiro Paulo de Frontin";2022;1;23;0;12242;187,88;0
"3301850";"Guapimirim";2022;2;102;0;51696;197,31;0
"3301876";"Iguaba Grande";2022;0;0;0;27920;0;0
"3301900";"Itaboraí";2022;5;326;15;224267;145,36;6,69
"3302007";"Itaguaí";2022;3;121;10;116841;103,56;8,56
"3302056";"Italva";2022;1;0;0;14073;0;0
"3302106";"Itaocara";2022;3;47;4;22919;205,07;17,45
"3302205";"Itaperuna";2022;4;292;69;101041;288,99;68,29
"3302254";"Itatiaia";2022;1;36;0;30908;116,47;0
"3302270";"Japeri";2022;1;20;0;96289;20,77;0
"3302304";"Laje do Muriaé";2022;1;30;0;7336;408,94;0
"3302403";"Macaé";2022;6;305;36;246391;123,79;14,61
"3302452";"Macuco";2022;0;0;0;5415;0;0
"3302502";"Magé";2022;5;162;0;228127;71,01;0
"3302601";"Mangaratiba";2022;1;62;0;41220;150,41;0
"3302700";"Maricá";2022;4;205;10;197277;103,91;5,07
"3302809";"Mendes";2022;1;39;0;17502;222,83;0
"3302858";"Mesquita";2022;2;111;0;167127;66,42;0
"3302908";"Miguel Pereira";2022;1;71;0;26582;267,1;0
"3303005";"Miracema";2022;1;33;2;26881;122,76;7,44
"3303104";"Natividade";2022;1;43;0;15074;285,26;0
"3303203";"Nilópolis";2022;3;98;6;146774;66,77;4,09
"3303302";"Niterói";2022;28;1113;92;481749;231,03;19,1
"3303401";"Nova Friburgo";2022;6;436;28;189939;229,55;14,74
"3303500";"Nova Iguaçu";2022;12;735;71;785867;93,53;9,03
"3303609";"Paracambi";2022;3;69;0;41375;166,77;0
"3303708";"Paraíba do Sul";2022;2;129;7;42063;306,68;16,64
"3303807";"Paraty";2022;1;60;0;45243;132,62;0
"3303856";"Paty do Alferes";2022;0;0;0;29619;0;0
"3303906";"Petrópolis";2022;12;1055;88;278881;378,3;31,55
"3303955";"Pinheiral";2022;1;34;0;24298;139,93;0
"3304003";"Piraí";2022;1;61;5;27474;222,03;18,2
"3304102";"Porciúncula";2022;1;1;0;17288;5,78;0
"3304110";"Porto Real";2022;1;52;6;20373;255,24;29,45
"3304128";"Quatis";2022;1;34;0;13682;248,5;0
"3304144";"Queimados";2022;2;121;0;140523;86,11;0
"3304151";"Quissamã";2022;1;72;6;22393;321,53;26,79
"3304201";"Resende";2022;8;189;24;129612;145,82;18,52
"3304300";"Rio Bonito";2022;1;108;15;56276;191,91;26,65
"3304409";"Rio Claro";2022;1;42;0;17401;241,37;0
"3304508";"Rio das Flores";2022;1;27;0;8954;301,54;0
"3304524";"Rio das Ostras";2022;5;115;0;156491;73,49;0
"3304557";"Rio de Janeiro";2022;190;9735;1071;6211223;156,73;17,24
"3304607";"Santa Maria Madalena";2022;1;23;0;10232;224,78;0
"3304706";"Santo Antônio de Pádua";2022;3;87;4;41325;210,53;9,68
"3304805";"São Fidélis";2022;1;155;17;38961;397,83;43,63
"3304755";"São Francisco de Itabapoana";2022;1;46;0;45059;102,09;0
"3304904";"São Gonçalo";2022;15;796;99;896744;88,77;11,04
"3305000";"São João da Barra";2022;1;46;0;36573;125,78;0
"3305109";"São João de Meriti";2022;5;240;60;440962;54,43;13,61
"3305133";"São José de Ubá";2022;0;0;0;7070;0;0
"3305158";"São José do Vale do Rio Preto";2022;2;50;0;22080;226,45;0
"3305208";"São Pedro da Aldeia";2022;3;65;0;104029;62,48;0
"3305307";"São Sebastião do Alto";2022;1;44;0;7750;567,74;0
"3305406";"Sapucaia";2022;2;5;0;17729;28,2;0
"3305505";"Saquarema";2022;2;123;15;89559;137,34;16,75
"3305554";"Seropédica";2022;2;35;0;80596;43,43;0
"3305604";"Silva Jardim";2022;1;40;0;21352;187,34;0
"3305703";"Sumidouro";2022;1;25;0;15206;164,41;0
"3305752";"Tanguá";2022;2;20;0;31086;64,34;0
"3305802";"Teresópolis";2022;4;257;28;165123;155,64;16,96
"3305901";"Trajano de Moraes";2022;1;33;0;10302;320,33;0
"3306008";"Três Rios";2022;2;71;19;78346;90,62;24,25
"3306107";"Valença";2022;5;329;40;68088;483,2;58,75
"3306156";"Varre-Sai";2022;1;25;0;10207;244,93;0
"3306206";"Vassouras";2022;3;347;45;33976;1021,31;132,45
"3306305";"Volta Redonda";2022;10;497;29;261563;190,01;11,09
"3300100";"Angra dos Reis";2023;6;256;32;173010;147,97;18,5
"3300159";"Aperibé";2023;1;35;0;11218;312;0
"3300209";"Araruama";2023;4;144;13;133537;107,84;9,74
"3300225";"Areal";2023;1;21;0;12023;174,67;0
"3300233";"Armação dos Búzios";2023;1;90;10;41168;218,62;24,29
"3300258";"Arraial do Cabo";2023;2;77;0;31849;241,77;0
"3300308";"Barra do Piraí";2023;5;242;7;95564;253,23;7,32
"3300407";"Barra Mansa";2023;9;226;26;175521;128,76;14,81
"3300456";"Belford Roxo";2023;7;180;0;499871;36,01;0
"3300506";"Bom Jardim";2023;1;62;0;28882;214,67;0
"3300605";"Bom Jesus do Itabapoana";2023;1;145;25;36127;401,36;69,2
"3300704";"Cabo Frio";2023;11;246;5;229798;107,05;2,18
"3300803";"Cachoeiras de Macacu";2023;1;79;0;58324;135,45;0
"3300902";"Cambuci";2023;1;39;4;14833;262,93;26,97
"3301009";"Campos dos Goytacazes";2023;17;1196;164;500465;238,98;32,77
"3301108";"Cantagalo";2023;2;81;10;19679;411,61;50,82
"3300936";"Carapebus";2023;1;8;0;14075;56,84;0
"3301157";"Cardoso Moreira";2023;0;0;0;13170;0;0
"3301207";"Carmo";2023;1;39;0;17457;223,41;0
"3301306";"Casimiro de Abreu";2023;1;50;0;47280;105,75;0
"3300951";"Comendador Levy Gasparian";2023;0;0;0;8886;0;0
"3301405";"Conceição de Macabu";2023;1;21;0;21421;98,03;0
"3301504";"Cordeiro";2023;1;40;0;21098;189,59;0
"3301603";"Duas Barras";2023;1;30;0;11158;268,87;0
"3301702";"Duque de Caxias";2023;17;982;42;835924;117,47;5,02
"3301801";"Engenheiro Paulo de Frontin";2023;1;23;0;12436;184,95;0
"3301850";"Guapimirim";2023;2;92;0;52938;173,79;0
"3301876";"Iguaba Grande";2023;0;0;0;28711;0;0
"3301900";"Itaboraí";2023;5;305;5;231793;131,58;2,16
"3302007";"Itaguaí";2023;2;109;10;120247;90,65;8,32
"3302056";"Italva";2023;1;0;0;14285;0;0
"3302106";"Itaocara";2023;3;47;4;23264;202,03;17,19
"3302205";"Itaperuna";2023;4;292;69;104002;280,76;66,34
"3302254";"Itatiaia";2023;1;36;0;31760;113,35;0
"3302270";"Japeri";2023;1;20;0;99085;20,18;0
"3302304";"Laje do Muriaé";2023;1;30;0;7454;402,47;0
"3302403";"Macaé";2023;6;358;44;254859;140,47;17,26
"3302452";"Macuco";2023;0;0;0;5504;0;0
"3302502";"Magé";2023;5;162;0;235745;68,72;0
"3302601";"Mangaratiba";2023;1;62;0;42367;146,34;0
"3302700";"Maricá";2023;2;196;10;204295;95,94;4,89
"3302809";"Mendes";2023;2;82;0;17763;461,63;0
"3302858";"Mesquita";2023;2;118;0;172698;68,33;0
"3302908";"Miguel Pereira";2023;1;71;0;27317;259,91;0
"3303005";"Miracema";2023;1;31;2;27611;112,27;7,24
"3303104";"Natividade";2023;1;43;0;15301;281,03;0
"3303203";"Nilópolis";2023;3;106;6;150959;70,22;3,97
"3303302";"Niterói";2023;29;1169;102;498435;234,53;20,46
"3303401";"Nova Friburgo";2023;6;436;28;196327;222,08;14,26
"3303500";"Nova Iguaçu";2023;12;723;59;813150;88,91;7,26
"3303609";"Paracambi";2023;3;69;0;42463;162,49;0
"3303708";"Paraíba do Sul";2023;2;129;7;43210;298,54;16,2
"3303807";"Paraty";2023;1;60;0;46374;129,38;0
"3303856";"Paty do Alferes";2023;0;0;0;30443;0;0
"3303906";"Petrópolis";2023;12;983;58;286564;343,03;20,24
"3303955";"Pinheiral";2023;1;34;0;24674;137,8;0
"3304003";"Piraí";2023;1;54;7;28228;191,3;24,8
"3304102";"Porciúncula";2023;1;1;0;17548;5,7;0
"3304110";"Porto Real";2023;1;52;6;20703;251,17;28,98
"3304128";"Quatis";2023;1;34;0;13909;244,45;0
"3304144";"Queimados";2023;2;121;0;144612;83,67;0
"3304151";"Quissamã";2023;1;72;6;22743;316,58;26,38
"3304201";"Resende";2023;9;193;27;133429;144,65;20,24
"3304300";"Rio Bonito";2023;1;108;15;57630;187,4;26,03
"3304409";"Rio Claro";2023;1;42;0;17663;237,79;0
"3304508";"Rio das Flores";2023;1;27;0;9102;296,64;0
"3304524";"Rio das Ostras";2023;4;115;0;162030;70,97;0
"3304557";"Rio de Janeiro";2023;191;9683;1160;6458703;149,92;17,96
"3304607";"Santa Maria Madalena";2023;1;23;0;10398;221,2;0
"3304706";"Santo Antônio de Pádua";2023;3;87;4;42452;204,94;9,42
"3304805";"São Fidélis";2023;1;123;17;40028;307,28;42,47
"3304755";"São Francisco de Itabapoana";2023;1;39;0;46161;84,49;0
"3304904";"São Gonçalo";2023;13;831;102;927237;89,62;11
"3305000";"São João da Barra";2023;1;59;0;37592;156,95;0
"3305109";"São João de Meriti";2023;7;234;30;453164;51,64;6,62
"3305133";"São José de Ubá";2023;0;0;0;7187;0;0
"3305158";"São José do Vale do Rio Preto";2023;1;49;0;22423;218,53;0
"3305208";"São Pedro da Aldeia";2023;4;65;0;107143;60,67;0
"3305307";"São Sebastião do Alto";2023;1;44;0;7869;559,16;0
"3305406";"Sapucaia";2023;1;4;0;17996;22,23;0
"3305505";"Saquarema";2023;3;182;15;92251;197,29;16,26
"3305554";"Seropédica";2023;2;35;0;82572;42,39;0
"3305604";"Silva Jardim";2023;1;40;0;21674;184,55;0
"3305703";"Sumidouro";2023;1;25;0;15437;161,95;0
"3305752";"Tanguá";2023;2;14;0;31931;43,84;0
"3305802";"Teresópolis";2023;4;257;28;170643;150,61;16,41
"3305901";"Trajano de Moraes";2023;1;33;0;10469;315,22;0
"3306008";"Três Rios";2023;1;76;19;80233;94,72;23,68
"3306107";"Valença";2023;5;329;40;69698;472,04;57,39
"3306156";"Varre-Sai";2023;1;25;0;10375;240,96;0
"3306206";"Vassouras";2023;3;347;45;34896;994,38;128,95
"3306305";"Volta Redonda";2023;10;644;118;270311;238,24;43,65
"3300100";"Angra dos Reis";2024;6;253;32;179120;141,25;17,87
"3300159";"Aperibé";2024;1;35;0;11420;306,48;0
"3300209";"Araruama";2024;4;147;13;137773;106,7;9,44
"3300225";"Areal";2024;1;21;0;12236;171,62;0
"3300233";"Armação dos Búzios";2024;1;90;10;42442;212,05;23,56
"3300258";"Arraial do Cabo";2024;2;77;0;32794;234,8;0
"3300308";"Barra do Piraí";2024;6;247;7;98501;250,76;7,11
"3300407";"Barra Mansa";2024;9;212;26;181688;116,68;14,31
"3300456";"Belford Roxo";2024;7;269;0;518263;51,9;0
"3300506";"Bom Jardim";2024;1;62;0;29736;208,5;0
"3300605";"Bom Jesus do Itabapoana";2024;1;190;25;37172;511,14;67,25
"3300704";"Cabo Frio";2024;11;247;5;238166;103,71;2,1
"3300803";"Cachoeiras de Macacu";2024;1;82;0;59837;137,04;0
"3300902";"Cambuci";2024;1;39;4;15070;258,79;26,54
"3301009";"Campos dos Goytacazes";2024;18;1205;184;519011;232,17;35,45
"3301108";"Cantagalo";2024;2;81;10;19996;405,08;50,01
"3300936";"Carapebus";2024;1;8;0;14325;55,85;0
"3301157";"Cardoso Moreira";2024;0;0;0;13403;0;0
"3301207";"Carmo";2024;1;39;0;17740;219,84;0
"3301306";"Casimiro de Abreu";2024;1;56;0;48563;115,31;0
"3300951";"Comendador Levy Gasparian";2024;0;0;0;9044;0;0
"3301405";"Conceição de Macabu";2024;1;21;0;21769;96,47;0
"3301504";"Cordeiro";2024;1;40;0;21444;186,53;0
"3301603";"Duas Barras";2024;1;30;0;11354;264,22;0
"3301702";"Duque de Caxias";2024;20;976;42;866347;112,66;4,85
"3301801";"Engenheiro Paulo de Frontin";2024;1;29;0;12648;229,29;0
"3301850";"Guapimirim";2024;2;92;0;54300;169,43;0
"3301876";"Iguaba Grande";2024;0;0;0;29577;0;0
"3301900";"Itaboraí";2024;5;285;12;240040;118,73;5
"3302007";"Itaguaí";2024;2;109;10;123980;87,92;8,07
"3302056";"Italva";2024;1;0;0;14517;0;0
"3302106";"Itaocara";2024;3;48;4;23643;203,02;16,92
"3302205";"Itaperuna";2024;4;292;69;107246;272,27;64,34
"3302254";"Itatiaia";2024;1;36;0;32694;110,11;0
"3302270";"Japeri";2024;1;30;0;102149;29,37;0
"3302304";"Laje do Muriaé";2024;1;30;0;7584;395,57;0
"3302403";"Macaé";2024;7;362;44;264138;137,05;16,66
"3302452";"Macuco";2024;0;0;0;5601;0;0
"3302502";"Magé";2024;5;163;0;244092;66,78;0
"3302601";"Mangaratiba";2024;1;64;0;43624;146,71;0
"3302700";"Maricá";2024;2;204;10;211986;96,23;4,72
"3302809";"Mendes";2024;2;82;0;18049;454,32;0
"3302858";"Mesquita";2024;2;118;0;178803;65,99;0
"3302908";"Miguel Pereira";2024;1;71;0;28123;252,46;0
"3303005";"Miracema";2024;1;31;2;28411;109,11;7,04
"3303104";"Natividade";2024;1;43;0;15550;276,53;0
"3303203";"Nilópolis";2024;3;84;6;155544;54;3,86
"3303302";"Niterói";2024;31;1101;102;516720;213,07;19,74
"3303401";"Nova Friburgo";2024;6;389;28;203328;191,32;13,77
"3303500";"Nova Iguaçu";2024;11;703;59;843046;83,39;7
"3303609";"Paracambi";2024;3;69;0;43656;158,05;0
"3303708";"Paraíba do Sul";2024;2;129;7;44467;290,1;15,74
"3303807";"Paraty";2024;1;65;0;47614;136,51;0
"3303856";"Paty do Alferes";2024;0;0;0;31345;0;0
"3303906";"Petrópolis";2024;12;836;58;294983;283,41;19,66
"3303955";"Pinheiral";2024;1;36;0;25085;143,51;0
"3304003";"Piraí";2024;1;54;7;29054;185,86;24,09
"3304102";"Porciúncula";2024;1;1;0;17832;5,61;0
"3304110";"Porto Real";2024;1;52;6;21064;246,87;28,48
"3304128";"Quatis";2024;1;34;0;14158;240,15;0
"3304144";"Queimados";2024;2;121;0;149093;81,16;0
"3304151";"Quissamã";2024;1;74;6;23126;319,99;25,94
"3304201";"Resende";2024;8;194;33;137612;140,98;23,98
"3304300";"Rio Bonito";2024;1;114;15;59113;192,85;25,38
"3304409";"Rio Claro";2024;1;42;0;17950;233,98;0
"3304508";"Rio das Flores";2024;1;27;0;9264;291,45;0
"3304524";"Rio das Ostras";2024;4;112;0;168099;66,63;0
"3304557";"Rio de Janeiro";2024;201;9865;1257;6729894;146,58;18,68
"3304607";"Santa Maria Madalena";2024;1;23;0;10579;217,41;0
"3304706";"Santo Antônio de Pádua";2024;3;87;4;43686;199,15;9,16
"3304805";"São Fidélis";2024;1;123;17;41197;298,57;41,27
"3304755";"São Francisco de Itabapoana";2024;1;39;0;47368;82,33;0
"3304904";"São Gonçalo";2024;13;752;102;960652;78,28;10,62
"3305000";"São João da Barra";2024;1;59;0;38708;152,42;0
"3305109";"São João de Meriti";2024;7;234;30;466536;50,16;6,43
"3305133";"São José de Ubá";2024;0;0;0;7315;0;0
"3305158";"São José do Vale do Rio Preto";2024;1;49;0;22799;214,92;0
"3305208";"São Pedro da Aldeia";2024;3;62;0;110556;56,08;0
"3305307";"São Sebastião do Alto";2024;1;44;0;7999;550,07;0
"3305406";"Sapucaia";2024;1;17;0;18289;92,95;0
"3305505";"Saquarema";2024;3;202;10;95201;212,18;10,5
"3305554";"Seropédica";2024;1;26;0;84737;30,68;0
"3305604";"Silva Jardim";2024;1;40;0;22026;181,6;0
"3305703";"Sumidouro";2024;1;25;0;15690;159,34;0
"3305752";"Tanguá";2024;2;14;0;32858;42,61;0
"3305802";"Teresópolis";2024;5;247;28;176692;139,79;15,85
"3305901";"Trajano de Moraes";2024;1;33;0;10652;309,8;0
"3306008";"Três Rios";2024;1;90;19;82300;109,36;23,09
"3306107";"Valença";2024;5;329;40;71462;460,38;55,97
"3306156";"Varre-Sai";2024;1;25;0;10559;236,76;0
"3306206";"Vassouras";2024;3;387;45;35904;1077,87;125,33
"3306305";"Volta Redonda";2024;10;622;122;279898;222,22;43,59
"3300100";"Angra dos Reis";2025;6;253;32;179142;141,23;17,86
"3300159";"Aperibé";2025;1;35;0;11426;306,32;0
"3300209";"Araruama";2025;4;167;13;137906;121,1;9,43
"3300225";"Areal";2025;1;20;0;12239;163,41;0
"3300233";"Armação dos Búzios";2025;1;91;10;42527;213,98;23,51
"3300258";"Arraial do Cabo";2025;2;78;0;32822;237,65;0
"3300308";"Barra do Piraí";2025;6;247;7;98506;250,75;7,11
"3300407";"Barra Mansa";2025;9;201;18;181679;110,63;9,91
"3300456";"Belford Roxo";2025;7;197;0;518384;38;0
"3300506";"Bom Jardim";2025;1;62;0;29758;208,35;0
"3300605";"Bom Jesus do Itabapoana";2025;1;230;25;37176;618,68;67,25
"3300704";"Cabo Frio";2025;9;252;5;238438;105,69;2,1
"3300803";"Cachoeiras de Macacu";2025;1;82;0;59861;136,98;0
"3300902";"Cambuci";2025;1;39;4;15069;258,81;26,54
"3301009";"Campos dos Goytacazes";2025;19;1195;184;519259;230,14;35,44
"3301108";"Cantagalo";2025;2;81;10;19995;405,1;50,01
"3300936";"Carapebus";2025;1;8;0;14329;55,83;0
"3301157";"Cardoso Moreira";2025;0;0;0;13407;0;0
"3301207";"Carmo";2025;1;39;0;17741;219,83;0
"3301306";"Casimiro de Abreu";2025;1;55;0;48636;113,08;0
"3300951";"Comendador Levy Gasparian";2025;0;0;0;9048;0;0
"3301405";"Conceição de Macabu";2025;1;21;0;21770;96,46;0
"3301504";"Cordeiro";2025;1;40;0;21448;186,5;0
"3301603";"Duas Barras";2025;1;30;0;11355;264,2;0
"3301702";"Duque de Caxias";2025;19;1019;59;866225;117,64;6,81
"3301801";"Engenheiro Paulo de Frontin";2025;1;45;0;12644;355,9;0
"3301850";"Guapimirim";2025;2;92;0;54311;169,39;0
"3301876";"Iguaba Grande";2025;0;0;0;29616;0;0
"3301900";"Itaboraí";2025;5;303;12;240127;126,18;5
"3302007";"Itaguaí";2025;3;109;10;124021;87,89;8,06
"3302056";"Italva";2025;1;0;0;14518;0;0
"3302106";"Itaocara";2025;3;48;4;23645;203;16,92
"3302205";"Itaperuna";2025;4;290;69;107297;270,28;64,31
"3302254";"Itatiaia";2025;1;36;0;32713;110,05;0
"3302270";"Japeri";2025;1;30;0;102171;29,36;0
"3302304";"Laje do Muriaé";2025;1;30;0;7584;395,57;0
"3302403";"Macaé";2025;6;365;44;264439;138,03;16,64
"3302452";"Macuco";2025;0;0;0;5602;0;0
"3302502";"Magé";2025;6;153;0;244142;62,67;0
"3302601";"Mangaratiba";2025;1;64;0;43660;146,59;0
"3302700";"Maricá";2025;2;204;10;212470;96,01;4,71
"3302809";"Mendes";2025;2;82;0;18048;454,34;0
"3302858";"Mesquita";2025;2;128;10;178830;71,58;5,59
"3302908";"Miguel Pereira";2025;1;71;0;28142;252,29;0
"3303005";"Miracema";2025;1;31;2;28416;109,09;7,04
"3303104";"Natividade";2025;1;31;0;15551;199,34;0
"3303203";"Nilópolis";2025;4;154;6;155500;99,04;3,86
"3303302";"Niterói";2025;32;1096;102;516787;212,08;19,74
"3303401";"Nova Friburgo";2025;6;389;28;203417;191,23;13,76
"3303500";"Nova Iguaçu";2025;13;778;59;843220;92,27;7
"3303609";"Paracambi";2025;3;59;0;43627;135,24;0
"3303708";"Paraíba do Sul";2025;1;55;0;44479;123,65;0
"3303807";"Paraty";2025;1;65;0;47668;136,36;0
"3303856";"Paty do Alferes";2025;0;0;0;31370;0;0
"3303906";"Petrópolis";2025;11;811;58;294926;274,98;19,67
"3303955";"Pinheiral";2025;1;43;0;25096;171,34;0
"3304003";"Piraí";2025;1;54;7;29066;185,78;24,08
"3304102";"Porciúncula";2025;1;27;0;17832;151,41;0
"3304110";"Porto Real";2025;1;60;6;21089;284,51;28,45
"3304128";"Quatis";2025;1;34;0;14165;240,03;0
"3304144";"Queimados";2025;2;111;0;149135;74,43;0
"3304151";"Quissamã";2025;1;73;6;23142;315,44;25,93
"3304201";"Resende";2025;8;194;33;137697;140,89;23,97
"3304300";"Rio Bonito";2025;1;114;15;59126;192,81;25,37
"3304409";"Rio Claro";2025;1;43;0;17951;239,54;0
"3304508";"Rio das Flores";2025;1;26;0;9267;280,57;0
"3304524";"Rio das Ostras";2025;4;112;0;168455;66,49;0
"3304557";"Rio de Janeiro";2025;196;9718;1287;6730729;144,38;19,12
"3304607";"Santa Maria Madalena";2025;1;23;0;10580;217,39;0
"3304706";"Santo Antônio de Pádua";2025;3;104;4;43697;238;9,15
"3304805";"São Fidélis";2025;1;128;17;41212;310,59;41,25
"3304755";"São Francisco de Itabapoana";2025;1;37;0;47397;78,06;0
"3304904";"São Gonçalo";2025;13;753;102;960196;78,42;10,62
"3305000";"São João da Barra";2025;1;59;0;38740;152,3;0
"3305109";"São João de Meriti";2025;6;231;30;466503;49,52;6,43
"3305133";"São José de Ubá";2025;0;0;0;7318;0;0
"3305158";"São José do Vale do Rio Preto";2025;1;49;0;22813;214,79;0
"3305208";"São Pedro da Aldeia";2025;3;62;0;110677;56,02;0
"3305307";"São Sebastião do Alto";2025;1;44;0;7993;550,48;0
"3305406";"Sapucaia";2025;1;18;0;18291;98,41;0
"3305505";"Saquarema";2025;3;227;30;95315;238,16;31,47
"3305554";"Seropédica";2025;1;29;0;84794;34,2;0
"3305604";"Silva Jardim";2025;1;40;0;22028;181,59;0
"3305703";"Sumidouro";2025;1;25;0;15693;159,31;0
"3305752";"Tanguá";2025;1;14;0;32865;42,6;0
"3305802";"Teresópolis";2025;4;247;28;176735;139,76;15,84
"3305901";"Trajano de Moraes";2025;1;41;0;10654;384,83;0
"3306008";"Três Rios";2025;1;90;19;82319;109,33;23,08
"3306107";"Valença";2025;5;286;40;71449;400,29;55,98
"3306156";"Varre-Sai";2025;1;26;0;10563;246,14;0
"3306206";"Vassouras";2025;3;392;45;35907;1091,71;125,32
"3306305";"Volta Redonda";2025;10;615;112;279971;219,67;40
