"codigo_ibge";"municipio";"casos_por_residencia";"casos_por_notificacao";"notificados_residentes_do_municipio";"notificados_de_outro_municipio_rj";"notificados_de_fora_do_rj";"residentes_notificados_fora_do_rj";"residentes_sem_municipio_de_notificacao";"razao_notificacao_residencia";"saldo_notificacao_menos_residencia"
"3304557";"Rio de Janeiro";14768;16487;14277;2134;76;70;13;1,116;1719
"3306305";"Volta Redonda";1404;2513;1390;1094;29;3;0;1,79;1109
"3303302";"Niterói";2268;3330;2077;1243;10;9;0;1,468;1062
"3302403";"Macaé";1049;1290;1024;263;3;6;0;1,23;241
"3303401";"Nova Friburgo";1428;1606;1409;195;2;2;0;1,125;178
"3303906";"Petrópolis";1510;1624;1478;146;0;1;0;1,075;114
"3304201";"Resende";689;786;662;110;14;3;0;1,141;97
"3302205";"Itaperuna";154;216;141;74;1;4;0;1,403;62
"3301009";"Campos dos Goytacazes";929;979;908;70;1;3;0;1,054;50
"3304300";"Rio Bonito";268;313;221;92;0;0;0;1,168;45
"3306206";"Vassouras";134;168;115;53;0;2;0;1,254;34
"3303203";"Nilópolis";227;256;55;201;0;1;0;1,128;29
"3300605";"Bom Jesus do Itabapoana";35;41;29;10;2;1;0;1,171;6
"3304607";"Santa Maria Madalena";1;0;0;0;0;0;0;0;-1
"3304706";"Santo Antônio de Pádua";65;64;51;9;4;2;0;0,985;-1
"3305307";"São Sebastião do Alto";11;10;10;0;0;0;0;0,909;-1
"3300902";"Cambuci";124;121;119;2;0;0;0;0,976;-3
"3300951";"Comendador Levy Gasparian";6;1;1;0;0;0;0;0,167;-5
"3302304";"Laje do Muriaé";5;0;0;0;0;0;0;0;-5
"3303005";"Miracema";32;27;27;0;0;3;0;0,844;-5
"3300159";"Aperibé";6;0;0;0;0;0;0;0;-6
"3301157";"Cardoso Moreira";6;0;0;0;0;0;0;0;-6
"3306156";"Varre-Sai";6;0;0;0;0;1;0;0;-6
"3304151";"Quissamã";56;49;47;2;0;0;0;0,875;-7
"3305133";"São José de Ubá";8;0;0;0;0;0;0;0;-8
"3301207";"Carmo";58;48;47;0;1;5;0;0,828;-10
"3303856";"Paty do Alferes";10;0;0;0;0;1;0;0;-10
"3302056";"Italva";11;0;0;0;0;0;0;0;-11
"3305158";"São José do Vale do Rio Preto";18;7;6;0;1;0;0;0,389;-11
"3305901";"Trajano de Moraes";11;0;0;0;0;1;0;0;-11
"3303104";"Natividade";12;0;0;0;0;1;0;0;-12
"3302106";"Itaocara";23;10;9;0;1;2;0;0,435;-13
"3301801";"Engenheiro Paulo de Frontin";15;1;1;0;0;0;0;0,067;-14
"3302908";"Miguel Pereira";20;5;4;1;0;1;0;0,25;-15
"3300233";"Armação dos Búzios";30;14;11;3;0;0;0;0,467;-16
"3301108";"Cantagalo";56;40;27;13;0;0;0;0,714;-16
"3302452";"Macuco";16;0;0;0;0;0;0;0;-16
"3304102";"Porciúncula";29;13;13;0;0;1;0;0,448;-16
"3300225";"Areal";25;8;8;0;0;1;0;0,32;-17
"3305703";"Sumidouro";32;15;15;0;0;0;0;0,469;-17
"3300936";"Carapebus";37;18;18;0;0;0;0;0,486;-19
"3301876";"Iguaba Grande";79;60;44;16;0;0;0;0,759;-19
"3304805";"São Fidélis";27;8;8;0;0;0;0;0,296;-19
"3300258";"Arraial do Cabo";21;1;1;0;0;0;0;0,048;-20
"3304508";"Rio das Flores";20;0;0;0;0;0;0;0;-20
"3305000";"São João da Barra";32;12;12;0;0;0;0;0,375;-20
"3301504";"Cordeiro";33;12;11;1;0;0;0;0,364;-21
"3304755";"São Francisco de Itabapoana";42;20;20;0;0;0;0;0,476;-22
"3302809";"Mendes";23;0;0;0;0;0;0;0;-23
"3303708";"Paraíba do Sul";98;75;75;0;0;8;0;0,765;-23
"3306107";"Valença";416;393;358;26;9;2;0;0,945;-23
"3301603";"Duas Barras";25;1;1;0;0;0;0;0,04;-24
"3303807";"Paraty";31;7;7;0;0;6;0;0,226;-24
"3301405";"Conceição de Macabu";43;18;18;0;0;0;0;0,419;-25
"3305406";"Sapucaia";36;11;11;0;0;14;0;0,306;-25
"3301850";"Guapimirim";56;30;19;11;0;0;0;0,536;-26
"3303609";"Paracambi";45;18;16;2;0;1;0;0,4;-27
"3305505";"Saquarema";147;118;102;16;0;1;0;0,803;-29
"3306008";"Três Rios";157;128;112;15;1;16;0;0,815;-29
"3305604";"Silva Jardim";30;0;0;0;0;0;0;0;-30
"3300209";"Araruama";173;137;85;52;0;0;0;0,792;-36
"3301306";"Casimiro de Abreu";97;59;57;2;0;1;0;0,608;-38
"3304128";"Quatis";44;3;3;0;0;1;0;0,068;-41
"3300506";"Bom Jardim";56;13;13;0;0;0;0;0,232;-43
"3300100";"Angra dos Reis";355;310;300;10;0;1;0;0,873;-45
"3302007";"Itaguaí";184;139;101;38;0;1;1;0,755;-45
"3302601";"Mangaratiba";49;3;3;0;0;1;0;0,061;-46
"3300803";"Cachoeiras de Macacu";97;48;45;3;0;0;0;0,495;-49
"3304409";"Rio Claro";49;0;0;0;0;2;0;0;-49
"3304003";"Piraí";72;17;16;1;0;0;0;0,236;-55
"3303955";"Pinheiral";77;20;20;0;0;0;0;0,26;-57
"3304110";"Porto Real";58;0;0;0;0;0;0;0;-58
"3302270";"Japeri";59;0;0;0;0;0;0;0;-59
"3300704";"Cabo Frio";504;432;358;73;1;3;0;0,857;-72
"3305208";"São Pedro da Aldeia";122;45;19;26;0;0;0;0,369;-77
"3305554";"Seropédica";80;0;0;0;0;1;0;0;-80
"3302254";"Itatiaia";91;7;6;1;0;0;0;0,077;-84
"3305752";"Tanguá";99;13;13;0;0;0;0;0,131;-86
"3304144";"Queimados";95;0;0;0;0;2;0;0;-95
"3305802";"Teresópolis";433;334;303;31;0;0;0;0,771;-99
"3302700";"Maricá";681;567;492;75;0;1;0;0,833;-114
"3301900";"Itaboraí";511;384;258;125;1;1;0;0,751;-127
"3303500";"Nova Iguaçu";903;766;378;388;0;6;0;0,848;-137
"3301702";"Duque de Caxias";1040;901;573;328;0;2;1;0,866;-139
"3300308";"Barra do Piraí";452;309;301;8;0;0;0;0,684;-143
"3304524";"Rio das Ostras";329;155;145;10;0;0;0;0,471;-174
"3302858";"Mesquita";190;15;6;9;0;0;0;0,079;-175
"3300407";"Barra Mansa";283;91;84;5;2;1;0;0,322;-192
"3305109";"São João de Meriti";537;332;188;144;0;1;0;0,618;-205
"3302502";"Magé";268;31;31;0;0;2;0;0,116;-237
"3300456";"Belford Roxo";379;8;5;3;0;3;0;0,021;-371
"3304904";"São Gonçalo";2242;1386;1233;152;1;8;0;0,618;-856
