"cod6","nome","n_vizinhos","vizinhos"
"330010","Angra dos Reis",3,"Mangaratiba; Paraty; Rio Claro"
"330015","Aperibé",3,"Cambuci; Itaocara; Santo Antônio de Pádua"
"330020","Araruama",8,"Arraial do Cabo; Cabo Frio; Casimiro de Abreu; Iguaba Grande; Rio Bonito; São Pedro da Aldeia; Saquarema; Silva Jardim"
"330022","Areal",4,"Paraíba do Sul; Petrópolis; São José do Vale do Rio Preto; Três Rios"
"330023","Armação dos Búzios",1,"Cabo Frio"
"330025","Arraial do Cabo",4,"Araruama; Cabo Frio; Iguaba Grande; São Pedro da Aldeia"
"330030","Barra do Piraí",7,"Barra Mansa; Mendes; Pinheiral; Piraí; Valença; Vassouras; Volta Redonda"
"330040","Barra Mansa",8,"Barra do Piraí; Piraí; Porto Real; Quatis; Resende; Rio Claro; Valença; Volta Redonda"
"330045","Belford Roxo",4,"Duque de Caxias; Mesquita; Nova Iguaçu; São João de Meriti"
"330050","Bom Jardim",4,"Cordeiro; Duas Barras; Nova Friburgo; Trajano de Moraes"
"330060","Bom Jesus do Itabapoana",5,"Campos dos Goytacazes; Italva; Itaperuna; Natividade; Varre-Sai"
"330070","Cabo Frio",5,"Araruama; Armação dos Búzios; Arraial do Cabo; Casimiro de Abreu; São Pedro da Aldeia"
"330080","Cachoeiras de Macacu",7,"Guapimirim; Itaboraí; Nova Friburgo; Rio Bonito; Silva Jardim; Tanguá; Teresópolis"
"330090","Cambuci",7,"Aperibé; Italva; Itaocara; Itaperuna; Santo Antônio de Pádua; São Fidélis; São José de Ubá"
"330093","Carapebus",3,"Conceição de Macabu; Macaé; Quissamã"
"330095","Comendador Levy Gasparian",2,"Paraíba do Sul; Três Rios"
"330100","Campos dos Goytacazes",10,"Bom Jesus do Itabapoana; Cardoso Moreira; Conceição de Macabu; Italva; Itaperuna; Quissamã; Santa Maria Madalena; São Fidélis; São Francisco de Itabapoana; São João da Barra"
"330110","Cantagalo",7,"Carmo; Cordeiro; Duas Barras; Itaocara; Macuco; Santo Antônio de Pádua; São Sebastião do Alto"
"330115","Cardoso Moreira",3,"Campos dos Goytacazes; Italva; São Fidélis"
"330120","Carmo",4,"Cantagalo; Duas Barras; Sapucaia; Sumidouro"
"330130","Casimiro de Abreu",6,"Araruama; Cabo Frio; Macaé; Nova Friburgo; Rio das Ostras; Silva Jardim"
"330140","Conceição de Macabu",6,"Campos dos Goytacazes; Carapebus; Macaé; Quissamã; Santa Maria Madalena; Trajano de Moraes"
"330150","Cordeiro",5,"Bom Jardim; Cantagalo; Duas Barras; Macuco; Trajano de Moraes"
"330160","Duas Barras",6,"Bom Jardim; Cantagalo; Carmo; Cordeiro; Nova Friburgo; Sumidouro"
"330170","Duque de Caxias",7,"Belford Roxo; Magé; Miguel Pereira; Nova Iguaçu; Petrópolis; Rio de Janeiro; São João de Meriti"
"330180","Engenheiro Paulo de Frontin",4,"Mendes; Miguel Pereira; Paracambi; Vassouras"
"330185","Guapimirim",5,"Cachoeiras de Macacu; Itaboraí; Magé; Petrópolis; Teresópolis"
"330187","Iguaba Grande",3,"Araruama; Arraial do Cabo; São Pedro da Aldeia"
"330190","Itaboraí",6,"Cachoeiras de Macacu; Guapimirim; Maricá; Rio Bonito; São Gonçalo; Tanguá"
"330200","Itaguaí",7,"Mangaratiba; Nova Iguaçu; Paracambi; Piraí; Rio Claro; Rio de Janeiro; Seropédica"
"330205","Italva",6,"Bom Jesus do Itabapoana; Cambuci; Campos dos Goytacazes; Cardoso Moreira; Itaperuna; São Fidélis"
"330210","Itaocara",6,"Aperibé; Cambuci; Cantagalo; Santo Antônio de Pádua; São Fidélis; São Sebastião do Alto"
"330220","Itaperuna",8,"Bom Jesus do Itabapoana; Cambuci; Campos dos Goytacazes; Italva; Laje do Muriaé; Miracema; Natividade; São José de Ubá"
"330225","Itatiaia",1,"Resende"
"330227","Japeri",5,"Miguel Pereira; Nova Iguaçu; Paracambi; Queimados; Seropédica"
"330230","Laje do Muriaé",2,"Itaperuna; Miracema"
"330240","Macaé",6,"Carapebus; Casimiro de Abreu; Conceição de Macabu; Nova Friburgo; Rio das Ostras; Trajano de Moraes"
"330245","Macuco",4,"Cantagalo; Cordeiro; São Sebastião do Alto; Trajano de Moraes"
"330250","Magé",3,"Duque de Caxias; Guapimirim; Petrópolis"
"330260","Mangaratiba",3,"Angra dos Reis; Itaguaí; Rio Claro"
"330270","Maricá",5,"Itaboraí; Niterói; São Gonçalo; Saquarema; Tanguá"
"330280","Mendes",5,"Barra do Piraí; Engenheiro Paulo de Frontin; Paracambi; Piraí; Vassouras"
"330285","Mesquita",5,"Belford Roxo; Nilópolis; Nova Iguaçu; Rio de Janeiro; São João de Meriti"
"330290","Miguel Pereira",8,"Duque de Caxias; Engenheiro Paulo de Frontin; Japeri; Nova Iguaçu; Paracambi; Paty do Alferes; Petrópolis; Vassouras"
"330300","Miracema",4,"Itaperuna; Laje do Muriaé; Santo Antônio de Pádua; São José de Ubá"
"330310","Natividade",4,"Bom Jesus do Itabapoana; Itaperuna; Porciúncula; Varre-Sai"
"330320","Nilópolis",3,"Mesquita; Rio de Janeiro; São João de Meriti"
"330330","Niterói",2,"Maricá; São Gonçalo"
"330340","Nova Friburgo",9,"Bom Jardim; Cachoeiras de Macacu; Casimiro de Abreu; Duas Barras; Macaé; Silva Jardim; Sumidouro; Teresópolis; Trajano de Moraes"
"330350","Nova Iguaçu",9,"Belford Roxo; Duque de Caxias; Itaguaí; Japeri; Mesquita; Miguel Pereira; Queimados; Rio de Janeiro; Seropédica"
"330360","Paracambi",7,"Engenheiro Paulo de Frontin; Itaguaí; Japeri; Mendes; Miguel Pereira; Piraí; Seropédica"
"330370","Paraíba do Sul",7,"Areal; Comendador Levy Gasparian; Paty do Alferes; Petrópolis; Rio das Flores; Três Rios; Vassouras"
"330380","Paraty",1,"Angra dos Reis"
"330385","Paty do Alferes",4,"Miguel Pereira; Paraíba do Sul; Petrópolis; Vassouras"
"330390","Petrópolis",10,"Areal; Duque de Caxias; Guapimirim; Magé; Miguel Pereira; Paraíba do Sul; Paty do Alferes; São José do Vale do Rio Preto; Teresópolis; Três Rios"
"330395","Pinheiral",3,"Barra do Piraí; Piraí; Volta Redonda"
"330400","Piraí",8,"Barra do Piraí; Barra Mansa; Itaguaí; Mendes; Paracambi; Pinheiral; Rio Claro; Volta Redonda"
"330410","Porciúncula",2,"Natividade; Varre-Sai"
"330411","Porto Real",3,"Barra Mansa; Quatis; Resende"
"330412","Quatis",4,"Barra Mansa; Porto Real; Resende; Valença"
"330414","Queimados",3,"Japeri; Nova Iguaçu; Seropédica"
"330415","Quissamã",3,"Campos dos Goytacazes; Carapebus; Conceição de Macabu"
"330420","Resende",4,"Barra Mansa; Itatiaia; Porto Real; Quatis"
"330430","Rio Bonito",6,"Araruama; Cachoeiras de Macacu; Itaboraí; Saquarema; Silva Jardim; Tanguá"
"330440","Rio Claro",6,"Angra dos Reis; Barra Mansa; Itaguaí; Mangaratiba; Piraí; Volta Redonda"
"330450","Rio das Flores",3,"Paraíba do Sul; Valença; Vassouras"
"330452","Rio das Ostras",2,"Casimiro de Abreu; Macaé"
"330455","Rio de Janeiro",7,"Duque de Caxias; Itaguaí; Mesquita; Nilópolis; Nova Iguaçu; São João de Meriti; Seropédica"
"330460","Santa Maria Madalena",5,"Campos dos Goytacazes; Conceição de Macabu; São Fidélis; São Sebastião do Alto; Trajano de Moraes"
"330470","Santo Antônio de Pádua",6,"Aperibé; Cambuci; Cantagalo; Itaocara; Miracema; São José de Ubá"
"330475","São Francisco de Itabapoana",2,"Campos dos Goytacazes; São João da Barra"
"330480","São Fidélis",7,"Cambuci; Campos dos Goytacazes; Cardoso Moreira; Italva; Itaocara; Santa Maria Madalena; São Sebastião do Alto"
"330490","São Gonçalo",3,"Itaboraí; Maricá; Niterói"
"330500","São João da Barra",2,"Campos dos Goytacazes; São Francisco de Itabapoana"
"330510","São João de Meriti",5,"Belford Roxo; Duque de Caxias; Mesquita; Nilópolis; Rio de Janeiro"
"330513","São José de Ubá",4,"Cambuci; Itaperuna; Miracema; Santo Antônio de Pádua"
"330515","São José do Vale do Rio Preto",6,"Areal; Petrópolis; Sapucaia; Sumidouro; Teresópolis; Três Rios"
"330520","São Pedro da Aldeia",4,"Araruama; Arraial do Cabo; Cabo Frio; Iguaba Grande"
"330530","São Sebastião do Alto",6,"Cantagalo; Itaocara; Macuco; Santa Maria Madalena; São Fidélis; Trajano de Moraes"
"330540","Sapucaia",4,"Carmo; São José do Vale do Rio Preto; Sumidouro; Três Rios"
"330550","Saquarema",4,"Araruama; Maricá; Rio Bonito; Tanguá"
"330555","Seropédica",6,"Itaguaí; Japeri; Nova Iguaçu; Paracambi; Queimados; Rio de Janeiro"
"330560","Silva Jardim",5,"Araruama; Cachoeiras de Macacu; Casimiro de Abreu; Nova Friburgo; Rio Bonito"
"330570","Sumidouro",6,"Carmo; Duas Barras; Nova Friburgo; São José do Vale do Rio Preto; Sapucaia; Teresópolis"
"330575","Tanguá",5,"Cachoeiras de Macacu; Itaboraí; Maricá; Rio Bonito; Saquarema"
"330580","Teresópolis",6,"Cachoeiras de Macacu; Guapimirim; Nova Friburgo; Petrópolis; São José do Vale do Rio Preto; Sumidouro"
"330590","Trajano de Moraes",8,"Bom Jardim; Conceição de Macabu; Cordeiro; Macaé; Macuco; Nova Friburgo; Santa Maria Madalena; São Sebastião do Alto"
"330600","Três Rios",6,"Areal; Comendador Levy Gasparian; Paraíba do Sul; Petrópolis; São José do Vale do Rio Preto; Sapucaia"
"330610","Valença",5,"Barra do Piraí; Barra Mansa; Quatis; Rio das Flores; Vassouras"
"330615","Varre-Sai",3,"Bom Jesus do Itabapoana; Natividade; Porciúncula"
"330620","Vassouras",8,"Barra do Piraí; Engenheiro Paulo de Frontin; Mendes; Miguel Pereira; Paraíba do Sul; Paty do Alferes; Rio das Flores; Valença"
"330630","Volta Redonda",5,"Barra do Piraí; Barra Mansa; Pinheiral; Piraí; Rio Claro"
