"cod6","nome","pop_2022","pop_2024","pop_2025","pop_2021","razao_2021_censo","razao_2024_censo"
"330455","Rio de Janeiro - RJ",6211223,6729894,6730729,6775561,1.09085779080867,1.08350545456185
"330270","Maricá - RJ",197277,211986,212470,167668,0.849911545694632,1.07456013625511
"330452","Rio das Ostras - RJ",156491,168099,168455,159529,1.01941325699241,1.07417678971954
"330100","Campos dos Goytacazes - RJ",483540,519011,519259,514643,1.06432353062828,1.0733569094594
"330045","Belford Roxo - RJ",483087,518263,518384,515239,1.06655529956302,1.07281504159706
"330350","Nova Iguaçu - RJ",785867,843046,843220,825388,1.05028968006037,1.07275913099799
"330330","Niterói - RJ",481749,516720,516787,516981,1.07313351973746,1.07259174383341
"330070","Cabo Frio - RJ",222161,238166,238438,234077,1.05363677693204,1.07204234766678
"330240","Macaé - RJ",246391,264138,264439,266136,1.08013685564814,1.07202779322297
"330170","Duque de Caxias - RJ",808161,866347,866225,929449,1.15007900653459,1.07199803009549
"330490","São Gonçalo - RJ",896744,960652,960196,1098357,1.22482782154104,1.07126671603044
"330340","Nova Friburgo - RJ",189939,203328,203417,191664,1.00908186312448,1.0704910523905
"330190","Itaboraí - RJ",224267,240040,240127,244416,1.08984380225356,1.07033134611869
"330630","Volta Redonda - RJ",261563,279898,279971,274925,1.05108520700558,1.07009783493843
"330580","Teresópolis - RJ",165123,176692,176735,185820,1.1253429261823,1.07006292279089
"330250","Magé - RJ",228127,244092,244142,247741,1.08597842429875,1.0699829480947
"330285","Mesquita - RJ",167127,178803,178830,177016,1.05917057088322,1.06986303828825
"330010","Angra dos Reis - RJ",167434,179120,179142,210171,1.25524684353238,1.06979466536068
"330040","Barra Mansa - RJ",169894,181688,181679,185237,1.09030925165103,1.06941975584776
"330550","Saquarema - RJ",89559,95201,95315,91938,1.02656349445617,1.06299757701627
"330520","São Pedro da Aldeia - RJ",104029,110556,110677,107556,1.03390400753636,1.06274211998577
"330020","Araruama - RJ",129671,137773,137906,136109,1.04964872639218,1.06248120242768
"330420","Resende - RJ",129612,137612,137697,133244,1.02802209671944,1.06172267999877
"330220","Itaperuna - RJ",101041,107246,107297,104354,1.03278866994586,1.06141071446245
"330200","Itaguaí - RJ",116841,123980,124021,136547,1.16865655035476,1.06110012752373
"330414","Queimados - RJ",140523,149093,149135,152311,1.08388662354205,1.0609864577329
"330023","Armação dos Búzios - RJ",40006,42442,42527,35060,0.876368544718292,1.06089086637004
"330227","Japeri - RJ",96289,102149,102171,106296,1.10392672060152,1.06085845735235
"330030","Barra do Piraí - RJ",92883,98501,98506,101139,1.08888601789348,1.06048469580009
"330320","Nilópolis - RJ",146774,155544,155500,162893,1.10982190306185,1.05975172714513
"330187","Iguaba Grande - RJ",27920,29577,29616,29344,1.05100286532951,1.05934813753582
"330500","São João da Barra - RJ",36573,38708,38740,36731,1.00432012686955,1.05837639788915
"330025","Arraial do Cabo - RJ",30986,32794,32822,30827,0.994868650358226,1.05834893177564
"330260","Mangaratiba - RJ",41220,43624,43660,45941,1.11453178068899,1.05832120329937
"330385","Paty do Alferes - RJ",29619,31345,31370,27942,0.943380937911476,1.05827340558425
"330050","Bom Jardim - RJ",28102,29736,29758,27779,0.98850615614547,1.05814532773468
"330510","São João de Meriti - RJ",440962,466536,466503,473385,1.07352787768561,1.05799592708669
"330290","Miguel Pereira - RJ",26582,28123,28142,25622,0.963885335941615,1.05797155970205
"330225","Itatiaia - RJ",30908,32694,32713,32312,1.04542513265174,1.05778439239032
"330390","Petrópolis - RJ",278881,294983,294926,307144,1.10134430097425,1.05773788820321
"330400","Piraí - RJ",27474,29054,29066,29802,1.08473465822232,1.05750891752202
"330480","São Fidélis - RJ",38961,41197,41212,38749,0.994558661225328,1.05739072405739
"330370","Paraíba do Sul - RJ",42063,44467,44479,44741,1.06366640515417,1.05715236668806
"330470","Santo Antônio de Pádua - RJ",41325,43686,43697,42705,1.03339382940109,1.05713248638838
"330575","Tanguá - RJ",31086,32858,32865,34898,1.12262754937914,1.05700315254455
"330300","Miracema - RJ",26881,28411,28416,27134,1.00941185223764,1.05691752538968
"330060","Bom Jesus do Itabapoana - RJ",35173,37172,37176,37306,1.06064310692861,1.05683336650272
"330620","Vassouras - RJ",33976,35904,35907,37262,1.09671532846715,1.05674593830939
"330360","Paracambi - RJ",41375,43656,43627,53093,1.28321450151057,1.05512990936556
"330130","Casimiro de Abreu - RJ",46110,48563,48636,45864,0.994664931685101,1.05319887226198
"330380","Paraty - RJ",45243,47614,47668,44175,0.97639413831974,1.05240589704485
"330555","Seropédica - RJ",80596,84737,84794,83841,1.04026254404685,1.05137972107797
"330475","São Francisco de Itabapoana - RJ",45059,47368,47397,42214,0.936860560598327,1.05124392463215
"330080","Cachoeiras de Macacu - RJ",56943,59837,59861,59652,1.04757388967915,1.05082275257714
"330600","Três Rios - RJ",78346,82300,82319,82468,1.05261276899906,1.05046843489138
"330430","Rio Bonito - RJ",56276,59113,59126,60930,1.08269955220698,1.05041225389153
"330185","Guapimirim - RJ",51696,54300,54311,62225,1.20367146394305,1.05037140204271
"330610","Valença - RJ",68088,71462,71449,77202,1.13385618611209,1.04955351897544
"330015","Aperibé - RJ",11034,11420,11426,12036,1.09081022294725,1.03498278049665
"330412","Quatis - RJ",13682,14158,14165,14562,1.06431808215173,1.03479023534571
"330095","Comendador Levy Gasparian - RJ",8741,9044,9048,8590,0.982725088662624,1.03466422606109
"330513","São José de Ubá - RJ",7070,7315,7318,7240,1.02404526166902,1.03465346534653
"330450","Rio das Flores - RJ",8954,9264,9267,9401,1.0499218226491,1.03462139825776
"330093","Carapebus - RJ",13847,14325,14329,16859,1.21752004044197,1.03452011265978
"330022","Areal - RJ",11828,12236,12239,12763,1.0790497125465,1.03449442002029
"330615","Varre-Sai - RJ",10207,10559,10563,11208,1.09806995199373,1.03448613696483
"330245","Macuco - RJ",5415,5601,5602,5646,1.04265927977839,1.03434903047091
"330115","Cardoso Moreira - RJ",12958,13403,13407,12818,0.989195863559191,1.03434171940114
"330160","Duas Barras - RJ",10980,11354,11355,11563,1.05309653916211,1.03406193078324
"330590","Trajano de Moraes - RJ",10302,10652,10654,10653,1.03407105416424,1.03397398563386
"330411","Porto Real - RJ",20373,21064,21089,20254,0.994158935846463,1.03391743974869
"330460","Santa Maria Madalena - RJ",10232,10579,10580,10380,1.01446442533229,1.03391321344801
"330230","Laje do Muriaé - RJ",7336,7584,7584,7298,0.994820065430752,1.03380588876772
"330180","Engenheiro Paulo de Frontin - RJ",12242,12648,12644,14138,1.15487665414148,1.03316451560203
"330415","Quissamã - RJ",22393,23126,23142,25535,1.14031170455053,1.0327334434868
"330515","São José do Vale do Rio Preto - RJ",22080,22799,22813,22032,0.997826086956522,1.0325634057971
"330395","Pinheiral - RJ",24298,25085,25096,25563,1.05206189809861,1.03238949707795
"330530","São Sebastião do Alto - RJ",7750,7999,7993,9416,1.21496774193548,1.03212903225806
"330570","Sumidouro - RJ",15206,15690,15693,15709,1.03307904774431,1.03182954097067
"330150","Cordeiro - RJ",20783,21444,21448,22152,1.06587114468556,1.03180484049463
"330210","Itaocara - RJ",22919,23643,23645,23211,1.01274052096514,1.03158951088616
"330540","Sapucaia - RJ",17729,18289,18291,18270,1.03051497546393,1.0315866659146
"330310","Natividade - RJ",15074,15550,15551,15305,1.0153243996285,1.03157755074964
"330560","Silva Jardim - RJ",21352,22026,22028,21775,1.01981079055826,1.03156612963657
"330440","Rio Claro - RJ",17401,17950,17951,18677,1.07332911901615,1.03154991092466
"330205","Italva - RJ",14073,14517,14518,15387,1.09337028352164,1.03154977616713
"330120","Carmo - RJ",17198,17740,17741,19161,1.11414117920688,1.03151529247587
"330140","Conceição de Macabu - RJ",21104,21769,21770,23561,1.11642342683851,1.03151061410159
"330410","Porciúncula - RJ",17288,17832,17832,19068,1.10296159185562,1.03146691346599
"330280","Mendes - RJ",17502,18049,18048,18681,1.06736372985944,1.03125357102045
"330110","Cantagalo - RJ",19390,19996,19995,20163,1.03986591026302,1.03125322331099
"330090","Cambuci - RJ",14616,15070,15069,15521,1.06191844553914,1.03106185002737
