"cod_regiao","regiao","n_municipios","agente","ano","casos","populacao","populacao_unica","incid_100k","incid_100k_pop2024"
"33001","Baía da Ilha Grande",3,"influenza",2022,1,253897,270358,0.393860502487229,0.369879936972459
"33002","Baixada Litorânea",9,"influenza",2022,28,846933,903171,3.30604664123372,3.10018811498598
"33003","Centro-Sul",11,"influenza",2022,15,320003,336061,4.68745605509948,4.46347538095762
"33004","Médio Paraíba",12,"influenza",2022,66,865130,918430,7.62891126189128,7.18617640974271
"33005","Metropolitana I",12,"influenza",2022,122,9705577,10462484,1.25700924324231,1.16607107834048
"33006","Metropolitana II",7,"influenza",2022,25,1908751,2043395,1.30975700864073,1.22345410456618
"33007","Noroeste",14,"influenza",2022,1,336995,353408,0.296740307719699,0.28295907279971
"33008","Norte",8,"influenza",2022,58,907868,969642,6.38859393656347,5.98158908133105
"33009","Serrana",16,"influenza",2022,68,910020,962730,7.47236324476385,7.06324722403997
"33001","Baía da Ilha Grande",3,"influenza",2023,19,261751,270358,7.25880703416606,7.02771880247672
"33002","Baixada Litorânea",9,"influenza",2023,56,873767,903171,6.40903124059389,6.20037622997195
"33003","Centro-Sul",11,"influenza",2023,15,327666,336061,4.57783230484701,4.46347538095762
"33004","Médio Paraíba",12,"influenza",2023,71,890562,918430,7.97249377359465,7.7305837135111
"33005","Metropolitana I",12,"influenza",2023,280,10066730,10462484,2.78143945451999,2.67622870438798
"33006","Metropolitana II",7,"influenza",2023,90,1972995,2043395,4.56159290824356,4.40443477643823
"33007","Noroeste",14,"influenza",2023,7,344827,353408,2.03000345100587,1.98071350959797
"33008","Norte",8,"influenza",2023,54,937344,969642,5.76095862351495,5.56906569641167
"33009","Serrana",16,"influenza",2023,79,935170,962730,8.44766192243122,8.20583133381114
"33001","Baía da Ilha Grande",3,"influenza",2024,24,270358,270358,8.87711848733901,8.87711848733901
"33002","Baixada Litorânea",9,"influenza",2024,104,903171,903171,11.5149844270908,11.5149844270908
"33003","Centro-Sul",11,"influenza",2024,16,336061,336061,4.7610404063548,4.7610404063548
"33004","Médio Paraíba",12,"influenza",2024,175,918430,918430,19.0542556318936,19.0542556318936
"33005","Metropolitana I",12,"influenza",2024,933,10462484,10462484,8.9175763614071,8.9175763614071
"33006","Metropolitana II",7,"influenza",2024,178,2043395,2043395,8.71099322451117,8.71099322451117
"33007","Noroeste",14,"influenza",2024,71,353408,353408,20.0900941687794,20.0900941687794
"33008","Norte",8,"influenza",2024,90,969642,969642,9.28177616068611,9.28177616068611
"33009","Serrana",16,"influenza",2024,136,962730,962730,14.1264944480799,14.1264944480799
"33001","Baía da Ilha Grande",3,"influenza",2025,22,270470,270358,8.1339889821422,8.13735861339409
"33002","Baixada Litorânea",9,"influenza",2025,97,904392,903171,10.7254376420844,10.7399373983443
"33003","Centro-Sul",11,"influenza",2025,84,336114,336061,24.9915207340367,24.9954621333627
"33004","Médio Paraíba",12,"influenza",2025,391,918649,918430,42.5625021090754,42.5726511546879
"33005","Metropolitana I",12,"influenza",2025,1328,10463654,10462484,12.6915511541188,12.6929704265259
"33006","Metropolitana II",7,"influenza",2025,297,2043599,2043395,14.5331838584771,14.5346347622462
"33007","Noroeste",14,"influenza",2025,83,353499,353408,23.4795572264702,23.485603042376
"33008","Norte",8,"influenza",2025,186,970288,969642,19.1695661494319,19.1823373987513
"33009","Serrana",16,"influenza",2025,266,962882,962730,27.6253995816725,27.6297611999211
"33001","Baía da Ilha Grande",3,"sarscov2",2022,184,253897,270358,72.4703324576501,68.0579084029324
"33002","Baixada Litorânea",9,"sarscov2",2022,692,846933,903171,81.7065812762048,76.6189348417963
"33003","Centro-Sul",11,"sarscov2",2022,329,320003,336061,102.811536141849,97.8988933556706
"33004","Médio Paraíba",12,"sarscov2",2022,1782,865130,918430,205.980604071064,194.026763063053
"33005","Metropolitana I",12,"sarscov2",2022,8041,9705577,10462484,82.8492731550118,76.8555536142277
"33006","Metropolitana II",7,"sarscov2",2022,2745,1908751,2043395,143.811319548752,134.335260681366
"33007","Noroeste",14,"sarscov2",2022,231,336995,353408,68.5470110832505,65.3635458167331
"33008","Norte",8,"sarscov2",2022,949,907868,969642,104.530614582737,97.8711730721235
"33009","Serrana",16,"sarscov2",2022,1705,910020,962730,187.358519592976,177.100537014532
"33001","Baía da Ilha Grande",3,"sarscov2",2023,38,261751,270358,14.5176140683321,14.0554376049534
"33002","Baixada Litorânea",9,"sarscov2",2023,121,873767,903171,13.8480853591404,13.3972414969037
"33003","Centro-Sul",11,"sarscov2",2023,45,327666,336061,13.733496914541,13.3904261428729
"33004","Médio Paraíba",12,"sarscov2",2023,496,890562,918430,55.695167770464,54.005204533824
"33005","Metropolitana I",12,"sarscov2",2023,1759,10066730,10462484,17.4734000017881,16.8124510393517
"33006","Metropolitana II",7,"sarscov2",2023,646,1972995,2043395,32.7421002080593,31.61405406199
"33007","Noroeste",14,"sarscov2",2023,46,344827,353408,13.3400226780386,13.0161173487867
"33008","Norte",8,"sarscov2",2023,305,937344,969642,32.5387477809641,31.4549081001029
"33009","Serrana",16,"sarscov2",2023,606,935170,962730,64.8010522151053,62.9459973201209
"33001","Baía da Ilha Grande",3,"sarscov2",2024,29,270358,270358,10.7265181722013,10.7265181722013
"33002","Baixada Litorânea",9,"sarscov2",2024,81,903171,903171,8.96840133263801,8.96840133263801
"33003","Centro-Sul",11,"sarscov2",2024,19,336061,336061,5.65373548254632,5.65373548254632
"33004","Médio Paraíba",12,"sarscov2",2024,257,918430,918430,27.9825354136951,27.9825354136951
"33005","Metropolitana I",12,"sarscov2",2024,1087,10462484,10462484,10.3895021488205,10.3895021488205
"33006","Metropolitana II",7,"sarscov2",2024,378,2043395,2043395,18.4986260610406,18.4986260610406
"33007","Noroeste",14,"sarscov2",2024,30,353408,353408,8.48877218399131,8.48877218399131
"33008","Norte",8,"sarscov2",2024,141,969642,969642,14.5414493184082,14.5414493184082
"33009","Serrana",16,"sarscov2",2024,256,962730,962730,26.5910483728564,26.5910483728564
"33001","Baía da Ilha Grande",3,"sarscov2",2025,19,270470,270358,7.02480866639553,7.02771880247672
"33002","Baixada Litorânea",9,"sarscov2",2025,48,904392,903171,5.30743306000053,5.31460819711882
"33003","Centro-Sul",11,"sarscov2",2025,13,336114,336061,3.86773535169615,3.86834533016327
"33004","Médio Paraíba",12,"sarscov2",2025,119,918649,918430,12.9538049897186,12.9568938296876
"33005","Metropolitana I",12,"sarscov2",2025,545,10463654,10462484,5.20850555647196,5.20908801389804
"33006","Metropolitana II",7,"sarscov2",2025,178,2043599,2043395,8.71012365928932,8.71099322451117
"33007","Noroeste",14,"sarscov2",2025,10,353499,353408,2.8288623164422,2.8295907279971
"33008","Norte",8,"sarscov2",2025,77,970288,969642,7.93578813713042,7.94107515969812
"33009","Serrana",16,"sarscov2",2025,80,962882,962730,8.30839085163083,8.30970261651761
"33001","Baía da Ilha Grande",3,"vsr",2022,7,253897,270358,2.7570235174106,2.58915955880721
"33002","Baixada Litorânea",9,"vsr",2022,34,846933,903171,4.01448520721238,3.76451413962583
"33003","Centro-Sul",11,"vsr",2022,3,320003,336061,0.937491211019897,0.892695076191525
"33004","Médio Paraíba",12,"vsr",2022,45,865130,918430,5.20153040583496,4.89966573391549
"33005","Metropolitana I",12,"vsr",2022,808,9705577,10462484,8.32511039786712,7.72283140409104
"33006","Metropolitana II",7,"vsr",2022,184,1908751,2043395,9.63981158359577,9.00462220960705
"33007","Noroeste",14,"vsr",2022,1,336995,353408,0.296740307719699,0.28295907279971
"33008","Norte",8,"vsr",2022,27,907868,969642,2.97400062564161,2.78453284820583
"33009","Serrana",16,"vsr",2022,60,910020,962730,6.59326168655634,6.23227696238821
"33001","Baía da Ilha Grande",3,"vsr",2023,13,261751,270358,4.96655218127151,4.80843918064196
"33002","Baixada Litorânea",9,"vsr",2023,15,873767,903171,1.71670479658765,1.66081506159963
"33003","Centro-Sul",11,"vsr",2023,3,327666,336061,0.915566460969402,0.892695076191525
"33004","Médio Paraíba",12,"vsr",2023,19,890562,918430,2.13348424927181,2.06874775431987
"33005","Metropolitana I",12,"vsr",2023,511,10066730,10462484,5.07612700449898,4.88411738550807
"33006","Metropolitana II",7,"vsr",2023,165,1972995,2043395,8.36292033177986,8.07479709013676
"33007","Noroeste",14,"vsr",2023,1,344827,353408,0.290000493000838,0.28295907279971
"33008","Norte",8,"vsr",2023,39,937344,969642,4.16069233920524,4.02210300296398
"33009","Serrana",16,"vsr",2023,155,935170,962730,16.5745265566688,16.1000488195029
"33001","Baía da Ilha Grande",3,"vsr",2024,29,270358,270358,10.7265181722013,10.7265181722013
"33002","Baixada Litorânea",9,"vsr",2024,96,903171,903171,10.6292163942376,10.6292163942376
"33003","Centro-Sul",11,"vsr",2024,2,336061,336061,0.59513005079435,0.59513005079435
"33004","Médio Paraíba",12,"vsr",2024,77,918430,918430,8.38387247803317,8.38387247803317
"33005","Metropolitana I",12,"vsr",2024,1191,10462484,10462484,11.3835299533075,11.3835299533075
"33006","Metropolitana II",7,"vsr",2024,430,2043395,2043395,21.0434105985382,21.0434105985382
"33007","Noroeste",14,"vsr",2024,6,353408,353408,1.69775443679826,1.69775443679826
"33008","Norte",8,"vsr",2024,70,969642,969642,7.2191592360892,7.2191592360892
"33009","Serrana",16,"vsr",2024,136,962730,962730,14.1264944480799,14.1264944480799
"33001","Baía da Ilha Grande",3,"vsr",2025,50,270470,270358,18.4863385957777,18.4939968486229
"33002","Baixada Litorânea",9,"vsr",2025,130,904392,903171,14.3742978708348,14.3937305338635
"33003","Centro-Sul",11,"vsr",2025,25,336114,336061,7.43795259941567,7.43912563492937
"33004","Médio Paraíba",12,"vsr",2025,157,918649,918430,17.0903141460993,17.0943893383274
"33005","Metropolitana I",12,"vsr",2025,2125,10463654,10462484,20.308393224776,20.3106642743731
"33006","Metropolitana II",7,"vsr",2025,783,2043599,2043395,38.3147574450761,38.3185825550126
"33007","Noroeste",14,"vsr",2025,29,353499,353408,8.20370071768237,8.2058131111916
"33008","Norte",8,"vsr",2025,219,970288,969642,22.5706182082021,22.5856553243362
"33009","Serrana",16,"vsr",2025,294,962882,962730,30.5333363797433,30.5381571157022
